date,open_price,high_price,low_price,close_price,volume,adjclose_price
1/28/2021,265,483,112.25,193.6000061,58815800,193.6000061
1/27/2021,354.8299866,380,249,347.5100098,93396700,347.5100098
1/26/2021,88.55999756,150,80.19999695,147.9799957,178588000,147.9799957
1/25/2021,96.73000336,159.1799927,61.13000107,76.79000092,177874000,76.79000092
1/22/2021,42.59000015,76.76000214,42.31999969,65.01000214,196784300,65.01000214
1/21/2021,39.22999954,44.75,37,43.02999878,57079800,43.02999878
1/20/2021,37.36999893,41.18999863,36.06000137,39.11999893,33471800,39.11999893
1/19/2021,41.54999924,45.52000046,36.63999939,39.36000061,74721900,39.36000061
1/15/2021,38.49000168,40.75,34.00999832,35.5,46752200,35.5
1/14/2021,38.09000015,43.06000137,33.04999924,39.90999985,93717400,39.90999985
1/13/2021,20.42000008,38.65000153,20.03000069,31.39999962,144501700,31.39999962
1/12/2021,19.95999908,20.39999962,19.31999969,19.95000076,7060700,19.95000076
1/11/2021,19.40999985,20.64999962,19.01000023,19.94000053,14927600,19.94000053
1/8/2021,18.18000031,18.29999924,17.07999992,17.69000053,6464500,17.69000053
1/7/2021,18.46999931,19.45000076,18.02000046,18.07999992,6129300,18.07999992
1/6/2021,17.34000015,18.97999954,17.32999992,18.36000061,6056200,18.36000061
1/5/2021,17.35000038,18.07999992,17.22999954,17.37000084,4961500,17.37000084
1/4/2021,19,19.10000038,17.14999962,17.25,10022500,17.25
12/31/2020,19.25,19.79999924,18.79999924,18.84000015,6918900,18.84000015
12/30/2020,19.37999916,20,18.85000038,19.26000023,5934400,19.26000023
12/29/2020,20.81999969,21.06999969,18.55999947,19.37999916,9241400,19.37999916
12/28/2020,21.30999947,21.96999931,20.35000038,20.98999977,8965900,20.98999977
12/24/2020,21.01000023,21.47999954,19.95000076,20.14999962,6262200,20.14999962
12/23/2020,20.17000008,22.35000038,19.12999916,20.56999969,25830300,20.56999969
12/22/2020,16.21999931,20.04000092,16.14999962,19.45999908,30652700,19.45999908
12/21/2020,15.81000042,16.35000038,15.27999973,15.52999973,9876100,15.52999973
12/18/2020,15.77999973,16.29999924,15.18000031,15.63000011,16618800,15.63000011
12/17/2020,13.96000004,14.97999954,13.59000015,14.82999992,8194900,14.82999992
12/16/2020,13.96000004,14.31000042,13.57999992,13.85000038,5865100,13.85000038
12/15/2020,12.77999973,14.02000046,12.47999954,13.85000038,8192900,13.85000038
12/14/2020,13.34000015,13.43000031,12.14000034,12.72000027,10007100,12.72000027
12/11/2020,13.90999985,14,13.02000046,13.31000042,7496900,13.31000042
12/10/2020,13.11999989,14.40999985,13.05000019,14.11999989,7558900,14.11999989
12/9/2020,13.92000008,14.72999954,13.22999954,13.65999985,24357900,13.65999985
12/8/2020,16.37000084,17.20999908,15.93000031,16.94000053,16120200,16.94000053
12/7/2020,17,17.5,16.21999931,16.35000038,7386300,16.35000038
12/4/2020,16.29999924,17.29000092,16.26000023,16.89999962,8972700,16.89999962
12/3/2020,16.47999954,16.63999939,15.86999989,16.12000084,6295000,16.12000084
12/2/2020,15.69999981,16.68000031,15.38000011,16.57999992,7883400,16.57999992
12/1/2020,17.11000061,17.39999962,15.76000023,15.80000019,12666000,15.80000019
11/30/2020,18.17000008,19.42000008,16.55999947,16.55999947,31983500,16.55999947
11/27/2020,15.28999996,16.73999977,14.88000011,16.07999992,12504200,16.07999992
11/25/2020,13.60000038,15.25,13.42000008,14.75,8860100,14.75
11/24/2020,14.22999954,14.26000023,13.30000019,13.67000008,7183200,13.67000008
11/23/2020,12.89999962,14.11999989,12.67000008,13.89999962,9599100,13.89999962
11/20/2020,12.55000019,13.46000004,12.53999996,12.71000004,8395400,12.71000004
11/19/2020,11.60000038,12.78999996,11.44999981,12.46000004,11787600,12.46000004
11/18/2020,11.80000019,12.03999996,11.56000042,11.56999969,3169200,11.56999969
11/17/2020,11.64999962,11.92000008,11.22999954,11.63000011,6678200,11.63000011
11/16/2020,11.15999985,12.65999985,10.72000027,12.06000042,9774800,12.06000042
11/13/2020,11.35999966,11.55000019,11,11.01000023,3535900,11.01000023
11/12/2020,11.73999977,11.86999989,10.97000027,11.13000011,4353300,11.13000011
11/11/2020,11.5,11.94999981,11.21000004,11.75,4882600,11.75
11/10/2020,11.5,11.65999985,10.82999992,11.10000038,3826000,11.10000038
11/9/2020,12.76000023,12.93000031,11.25,11.48999977,6244900,11.48999977
11/6/2020,11.52000046,12.17000008,11.31999969,11.85999966,5518200,11.85999966
11/5/2020,11.27000046,11.84000015,11.06000042,11.44999981,4705200,11.44999981
11/4/2020,11.76000023,11.77000046,10.60999966,10.90999985,5807900,10.90999985
11/3/2020,10.75,11.85999966,10.63000011,11.56999969,7454500,11.56999969
11/2/2020,10.81999969,11.09000015,10.5,10.75,5227000,10.75
10/30/2020,11.64000034,11.64000034,10.35999966,10.47000027,11546900,10.47000027
10/29/2020,11.88000011,12.25,11.68000031,11.72999954,4165800,11.72999954
10/28/2020,12.27000046,13.05000019,11.77999973,11.81999969,6388600,11.81999969
10/27/2020,13.71000004,13.71000004,12.35999966,12.68999958,7231000,12.68999958
10/26/2020,14.93000031,15.44999981,13.26000023,13.44999981,13376300,13.44999981
10/23/2020,15.05000019,15.38000011,14.55000019,15,6507300,15
10/22/2020,14.19999981,15.86999989,14.18999958,14.90999985,16212200,14.90999985
10/21/2020,13.89999962,14.42000008,13.80000019,14.10000038,5361900,14.10000038
10/20/2020,14.02999973,14.14000034,13.67000008,13.85999966,6604000,13.85999966
10/19/2020,13.43999958,14.5,13.38000011,13.90999985,13169100,13.90999985
10/16/2020,13.77000046,13.89999962,13.07999992,13.31000042,11651600,13.31000042
10/15/2020,11.98999977,15.10000038,11.98999977,13.82999992,39894800,13.82999992
10/14/2020,12.67000008,12.68000031,12.05000019,12.25,10776800,12.25
10/13/2020,11.72999954,12.42000008,11.64999962,11.88000011,10179700,11.88000011
10/12/2020,11.65999985,12.77000046,11.39999962,11.80000019,23655700,11.80000019
10/9/2020,12.82999992,14.80000019,11.89999962,12.02000046,77152800,12.02000046
10/8/2020,9.539999962,13.64000034,9.18999958,13.48999977,76453600,13.48999977
10/7/2020,9.229999542,9.56000042,9.170000076,9.359999657,3308600,9.359999657
10/6/2020,9.56000042,9.840000153,9.100000381,9.130000114,4535400,9.130000114
10/5/2020,9.43999958,9.590000153,9.25,9.460000038,2805000,9.460000038
10/2/2020,9.380000114,9.779999733,9.300000191,9.390000343,4340500,9.390000343
10/1/2020,10.09000015,10.25,9.68999958,9.770000458,4554100,9.770000458
9/30/2020,10.25,10.76000023,10.06000042,10.19999981,6079000,10.19999981
9/29/2020,10,10.64999962,9.930000305,10.35000038,5237600,10.35000038
9/28/2020,10.15999985,10.26000023,9.550000191,10.09000015,6764300,10.09000015
9/25/2020,9.18999958,10.18000031,9.100000381,10.02000046,7515200,10.02000046
9/24/2020,9.710000038,9.81000042,9.010000229,9.140000343,7938800,9.140000343
9/23/2020,10.60000038,10.85999966,9.920000076,10.03999996,10651200,10.03999996
9/22/2020,10.44999981,11.17000008,9.899999619,10.56000042,34752500,10.56000042
9/21/2020,9.350000381,9.600000381,8.380000114,8.75,7639800,8.75
9/18/2020,9.199999809,9.770000458,8.909999847,9.470000267,17407500,9.470000267
9/17/2020,8.569999695,9.770000458,8.409999847,9.199999809,17026700,9.199999809
9/16/2020,7.03000021,9.039999962,7.03000021,8.680000305,19256300,8.680000305
9/15/2020,6.860000134,7.260000229,6.690000057,7.090000153,5743500,7.090000153
9/14/2020,6.800000191,7,6.429999828,6.909999847,10119000,6.909999847
9/11/2020,6.260000229,6.329999924,5.869999886,6.090000153,6061200,6.090000153
9/10/2020,6.650000095,6.949999809,6.190000057,6.230000019,15558300,6.230000019
9/9/2020,7.960000038,7.989999771,7.309999943,7.349999905,9068100,7.349999905
9/8/2020,7.550000191,8.279999733,7.480000019,7.699999809,9816600,7.699999809
9/4/2020,7.78000021,7.920000076,7.170000076,7.650000095,7662000,7.650000095
9/3/2020,7.880000114,8.449999809,7.239999771,7.820000172,14344500,7.820000172
9/2/2020,7.800000191,8.050000191,7.110000134,7.710000038,13011100,7.710000038
9/1/2020,7.300000191,7.820000172,6.769999981,7.650000095,23211000,7.650000095
8/31/2020,5.769999981,7.150000095,5.690000057,6.679999828,37976000,6.679999828
8/28/2020,5.300000191,5.570000172,5.21999979,5.389999866,4236900,5.389999866
8/27/2020,5.110000134,5.380000114,5.019999981,5.25,3384400,5.25
8/26/2020,4.96999979,5.21999979,4.920000076,5.110000134,2779700,5.110000134
8/25/2020,4.880000114,5.25,4.880000114,4.980000019,2998700,4.980000019
8/24/2020,5.099999905,5.130000114,4.559999943,4.869999886,4585400,4.869999886
8/21/2020,4.599999905,5.599999905,4.599999905,5.03000021,10642600,5.03000021
8/20/2020,4.619999886,4.679999828,4.510000229,4.610000134,2441200,4.610000134
8/19/2020,4.800000191,4.840000153,4.639999866,4.71999979,2612600,4.71999979
8/18/2020,4.610000134,4.869999886,4.429999828,4.809999943,3834400,4.809999943
8/17/2020,4.78000021,4.78000021,4.559999943,4.630000114,2371000,4.630000114
8/14/2020,4.599999905,4.829999924,4.550000191,4.75,3474400,4.75
8/13/2020,4.519999981,4.710000038,4.5,4.639999866,2128300,4.639999866
8/12/2020,4.400000095,4.630000114,4.360000134,4.519999981,3057600,4.519999981
8/11/2020,4.429999828,4.570000172,4.340000153,4.349999905,3138800,4.349999905
8/10/2020,4.199999809,4.570000172,4.179999828,4.329999924,4561800,4.329999924
8/7/2020,4.389999866,4.400000095,4.059999943,4.159999847,3341100,4.159999847
8/6/2020,4.599999905,4.659999847,4.380000114,4.429999828,1901200,4.429999828
8/5/2020,4.5,4.760000229,4.25,4.630000114,4925700,4.630000114
8/4/2020,4.130000114,4.739999771,4.130000114,4.429999828,10361400,4.429999828
8/3/2020,4.03000021,4.25,4,4.150000095,2517600,4.150000095
7/31/2020,4.059999943,4.159999847,3.99000001,4.010000229,1879400,4.010000229
7/30/2020,4,4.230000019,3.970000029,4.099999905,2398500,4.099999905
7/29/2020,3.940000057,4.179999828,3.920000076,4.059999943,2879600,4.059999943
7/28/2020,3.960000038,4.050000191,3.920000076,3.940000057,4555400,3.940000057
7/27/2020,4.019999981,4.119999886,3.950000048,4.010000229,2472700,4.010000229
7/24/2020,4.059999943,4.230000019,4.010000229,4.03000021,2215900,4.03000021
7/23/2020,4.090000153,4.309999943,4.059999943,4.110000134,3237200,4.110000134
7/22/2020,4.019999981,4.119999886,3.920000076,4.110000134,2523500,4.110000134
7/21/2020,3.900000095,4.090000153,3.880000114,4.010000229,3341000,4.010000229
7/20/2020,3.950000048,4.059999943,3.769999981,3.849999905,3401100,3.849999905
7/17/2020,4.159999847,4.230000019,3.940000057,3.960000038,3065900,3.960000038
7/16/2020,4.190000057,4.199999809,4.090000153,4.170000076,1330100,4.170000076
7/15/2020,4.130000114,4.289999962,4.130000114,4.190000057,1474100,4.190000057
7/14/2020,4.21999979,4.309999943,4.070000172,4.079999924,2261600,4.079999924
7/13/2020,4.349999905,4.550000191,4.260000229,4.260000229,4216200,4.260000229
7/10/2020,4.199999809,4.380000114,4.179999828,4.340000153,1410800,4.340000153
7/9/2020,4.269999981,4.320000172,4.130000114,4.210000038,1992600,4.210000038
7/8/2020,4.099999905,4.289999962,4.03000021,4.260000229,2052800,4.260000229
7/7/2020,4.199999809,4.25,4.059999943,4.090000153,2456600,4.090000153
7/6/2020,4.309999943,4.340000153,4.190000057,4.239999771,2140900,4.239999771
7/2/2020,4.489999771,4.510000229,4.289999962,4.289999962,1887600,4.289999962
7/1/2020,4.309999943,4.5,4.309999943,4.440000057,2303700,4.440000057
6/30/2020,4.329999924,4.510000229,4.199999809,4.340000153,3889000,4.340000153
6/29/2020,4.349999905,4.519999981,4.300000191,4.380000114,2131200,4.380000114
6/26/2020,4.480000019,4.5,4.269999981,4.349999905,3801200,4.349999905
6/25/2020,4.329999924,4.539999962,4.300000191,4.460000038,2450800,4.460000038
6/24/2020,4.829999924,4.840000153,4.380000114,4.409999847,2976200,4.409999847
6/23/2020,4.949999809,4.989999771,4.800000191,4.829999924,3205400,4.829999924
6/22/2020,4.789999962,4.949999809,4.71999979,4.869999886,3178900,4.869999886
6/19/2020,4.949999809,5.079999924,4.690000057,4.880000114,7366600,4.880000114
6/18/2020,4.670000076,4.949999809,4.650000095,4.949999809,3423800,4.949999809
6/17/2020,4.539999962,4.829999924,4.53000021,4.760000229,3593500,4.760000229
6/16/2020,4.949999809,4.949999809,4.510000229,4.639999866,3121300,4.639999866
6/15/2020,4.5,4.769999981,4.420000076,4.690000057,3909000,4.690000057
6/12/2020,4.599999905,4.78000021,4.389999866,4.71999979,4378200,4.71999979
6/11/2020,4.639999866,4.900000095,4.179999828,4.369999886,6236000,4.369999886
6/10/2020,4.78000021,5.53000021,4.679999828,5.070000172,10606400,5.070000172
6/9/2020,5,5,4.550000191,4.960000038,8073400,4.960000038
6/8/2020,4.28000021,5.139999866,4.269999981,5.010000229,10133700,5.010000229
6/5/2020,4.289999962,4.409999847,4.090000153,4.139999866,6274400,4.139999866
6/4/2020,4.440000057,4.71999979,4.369999886,4.46999979,3514300,4.46999979
6/3/2020,4.239999771,4.519999981,4.199999809,4.440000057,3037400,4.440000057
6/2/2020,4.269999981,4.309999943,4.059999943,4.179999828,2369400,4.179999828
6/1/2020,4.119999886,4.360000134,4.019999981,4.130000114,2611600,4.130000114
5/29/2020,4.329999924,4.420000076,4.050000191,4.059999943,3973500,4.059999943
5/28/2020,4.75,4.760000229,4.300000191,4.329999924,2183900,4.329999924
5/27/2020,4.570000172,4.710000038,4.360000134,4.690000057,3146600,4.690000057
5/26/2020,4.340000153,4.610000134,4.329999924,4.420000076,3545700,4.420000076
5/22/2020,4.460000038,4.489999771,4.130000114,4.179999828,2379900,4.179999828
5/21/2020,4.449999809,4.650000095,4.400000095,4.440000057,1971900,4.440000057
5/20/2020,4.5,4.690000057,4.340000153,4.429999828,2543600,4.429999828
5/19/2020,4.579999924,4.75,4.369999886,4.440000057,1840700,4.440000057
5/18/2020,4.400000095,4.630000114,4.360000134,4.579999924,2371700,4.579999924
5/15/2020,4.050000191,4.449999809,4.039999962,4.21999979,1940600,4.21999979
5/14/2020,4.150000095,4.190000057,3.960000038,4.130000114,2004900,4.130000114
5/13/2020,4.539999962,4.539999962,4.070000172,4.210000038,2882900,4.210000038
5/12/2020,4.78000021,4.920000076,4.460000038,4.539999962,2639200,4.539999962
5/11/2020,4.920000076,4.960000038,4.75,4.760000229,1699200,4.760000229
5/8/2020,4.880000114,5.190000057,4.820000172,4.980000019,2353700,4.980000019
5/7/2020,4.829999924,4.929999828,4.650000095,4.869999886,2500800,4.869999886
5/6/2020,5.400000095,5.400000095,4.900000095,4.929999828,3369600,4.929999828
5/5/2020,5.550000191,5.630000114,5.349999905,5.389999866,2105900,5.389999866
5/4/2020,5.840000153,5.929999828,5.400000095,5.480000019,4068100,5.480000019
5/1/2020,5.650000095,6.179999828,5.449999809,6.050000191,4005600,6.050000191
4/30/2020,5.869999886,5.980000019,5.639999866,5.730000019,2173300,5.730000019
4/29/2020,5.829999924,6.090000153,5.449999809,6.039999962,3369600,6.039999962
4/28/2020,5.920000076,6.039999962,5.059999943,5.639999866,5200200,5.639999866
4/27/2020,4.849999905,5.989999771,4.809999943,5.820000172,7275100,5.820000172
4/24/2020,4.78000021,4.849999905,4.659999847,4.769999981,2236200,4.769999981
4/23/2020,4.75,4.889999866,4.579999924,4.699999809,2265900,4.699999809
4/22/2020,5.139999866,5.170000076,4.829999924,4.889999866,2677800,4.889999866
4/21/2020,5.230000019,5.300000191,4.760000229,4.78000021,4142100,4.78000021
4/20/2020,4.849999905,5.900000095,4.78000021,5.610000134,6085000,5.610000134
4/17/2020,5.21999979,5.28000021,4.429999828,4.880000114,5653200,4.880000114
4/16/2020,5.119999886,5.440000057,4.880000114,5.03000021,3371900,5.03000021
4/15/2020,5.659999847,5.670000076,4.900000095,5.269999981,7499900,5.269999981
4/14/2020,5.210000038,6.46999979,5.139999866,5.949999809,13506600,5.949999809
4/13/2020,4.25,4.760000229,4.159999847,4.739999771,6844500,4.739999771
4/9/2020,3.599999905,4.25,3.49000001,3.890000105,5908600,3.890000105
4/8/2020,3.230000019,3.670000076,3.200000048,3.410000086,2884500,3.410000086
4/7/2020,3.390000105,3.440000057,3.099999905,3.269999981,2836900,3.269999981
4/6/2020,2.859999895,3.200000048,2.829999924,3.089999914,3340500,3.089999914
4/3/2020,2.849999905,2.940000057,2.569999933,2.799999952,3830400,2.799999952
4/2/2020,3.25999999,3.349999905,2.849999905,2.849999905,4064300,2.849999905
4/1/2020,3.450000048,3.49000001,3.119999886,3.25,4568700,3.25
3/31/2020,3.630000114,3.799999952,3.5,3.5,2300900,3.5
3/30/2020,4.21999979,4.269999981,3.650000095,3.650000095,3350600,3.650000095
3/27/2020,4.940000057,5.090000153,4.150000095,4.21999979,7024800,4.21999979
3/26/2020,4.239999771,4.710000038,4.239999771,4.409999847,6185700,4.409999847
3/25/2020,4.150000095,4.489999771,4.039999962,4.170000076,3592100,4.170000076
3/24/2020,3.950000048,4.210000038,3.890000105,4.159999847,6805600,4.159999847
3/23/2020,3.579999924,3.859999895,3.5,3.809999943,6009800,3.809999943
3/20/2020,4.079999924,4.079999924,3.650000095,3.75999999,7722200,3.75999999
3/19/2020,3.710000038,4.199999809,3.549999952,4.190000057,5039500,4.190000057
3/18/2020,4.099999905,4.25,3.5,3.769999981,3651700,3.769999981
3/17/2020,4.400000095,4.650000095,4.110000134,4.230000019,3562200,4.230000019
3/16/2020,3.930000067,4.570000172,3.900000095,4.369999886,4866700,4.369999886
3/13/2020,4.130000114,4.650000095,3.849999905,4.590000153,5787200,4.590000153
3/12/2020,3.700000048,4.039999962,3.480000019,3.980000019,5123400,3.980000019
3/11/2020,4.139999866,4.25,4,4.139999866,4414100,4.139999866
3/10/2020,3.940000057,4.260000229,3.799999952,4.230000019,4863200,4.230000019
3/9/2020,3.589999914,3.970000029,3.5,3.700000048,2732000,3.700000048
3/6/2020,3.839999914,4.070000172,3.75999999,3.920000076,2096800,3.920000076
3/5/2020,3.700000048,3.99000001,3.589999914,3.960000038,3599400,3.960000038
3/4/2020,3.710000038,3.829999924,3.460000038,3.769999981,4257600,3.769999981
3/3/2020,3.880000114,3.890000105,3.5,3.630000114,4282500,3.630000114
3/2/2020,3.599999905,3.849999905,3.390000105,3.829999924,3208400,3.829999924
2/28/2020,3.339999914,3.720000029,3.339999914,3.599999905,4692200,3.599999905
2/27/2020,3.230000019,3.630000114,3.180000067,3.470000029,3879500,3.470000029
2/26/2020,3.579999924,3.619999886,3.359999895,3.390000105,4724800,3.390000105
2/25/2020,3.769999981,3.789999962,3.549999952,3.559999943,4447900,3.559999943
2/24/2020,3.900000095,3.930000067,3.700000048,3.700000048,3566300,3.700000048
2/21/2020,4.119999886,4.179999828,3.99000001,4.039999962,1695700,4.039999962
2/20/2020,4.159999847,4.300000191,4.110000134,4.139999866,1562300,4.139999866
2/19/2020,4.059999943,4.269999981,3.920000076,4.150000095,2593100,4.150000095
2/18/2020,4.010000229,4.079999924,3.960000038,4.059999943,1467600,4.059999943
2/14/2020,4.110000134,4.190000057,4.019999981,4.019999981,1582700,4.019999981
2/13/2020,4.119999886,4.260000229,4.070000172,4.110000134,2081700,4.110000134
2/12/2020,4.130000114,4.510000229,4.070000172,4.190000057,4820600,4.190000057
2/11/2020,3.980000019,4.239999771,3.950000048,4.019999981,3415000,4.019999981
2/10/2020,3.849999905,4.099999905,3.74000001,3.940000057,2777000,3.940000057
2/7/2020,4.110000134,4.130000114,3.769999981,3.809999943,2742300,3.809999943
2/6/2020,4.199999809,4.300000191,4.139999866,4.139999866,1510300,4.139999866
2/5/2020,4.150000095,4.409999847,4.139999866,4.179999828,2641700,4.179999828
2/4/2020,4.03000021,4.25,3.970000029,4.070000172,3563100,4.070000172
2/3/2020,3.880000114,3.980000019,3.849999905,3.950000048,2026200,3.950000048
1/31/2020,3.910000086,3.940000057,3.829999924,3.839999914,2891700,3.839999914
1/30/2020,4.099999905,4.119999886,3.880000114,3.930000067,3006500,3.930000067
1/29/2020,4.21999979,4.320000172,4.130000114,4.130000114,1552600,4.130000114
1/28/2020,4.300000191,4.300000191,4.179999828,4.210000038,2144900,4.210000038
1/27/2020,4.199999809,4.349999905,4.159999847,4.28000021,2122500,4.28000021
1/24/2020,4.639999866,4.639999866,4.25,4.320000172,4163600,4.320000172
1/23/2020,4.550000191,4.639999866,4.460000038,4.619999886,1880200,4.619999886
1/22/2020,4.550000191,4.639999866,4.460000038,4.559999943,2627500,4.559999943
1/21/2020,4.75,4.75,4.550000191,4.590000153,3532100,4.590000153
1/17/2020,4.579999924,4.75,4.510000229,4.75,4019500,4.75
1/16/2020,4.610000134,4.710000038,4.519999981,4.619999886,4287100,4.619999886
1/15/2020,4.659999847,4.730000019,4.550000191,4.610000134,4981100,4.610000134
1/14/2020,4.78000021,5,4.53000021,4.710000038,12561900,4.710000038
1/13/2020,5.429999828,5.610000134,5.329999924,5.429999828,3625200,5.429999828
1/10/2020,5.559999943,5.599999905,5.380000114,5.429999828,2781400,5.429999828
1/9/2020,5.820000172,5.820000172,5.480000019,5.550000191,2643000,5.550000191
1/8/2020,5.489999771,5.849999905,5.409999847,5.71999979,5629400,5.71999979
1/7/2020,5.769999981,5.829999924,5.440000057,5.519999981,5228000,5.519999981
1/6/2020,5.800000191,5.909999847,5.599999905,5.849999905,3394800,5.849999905
1/3/2020,6.210000038,6.25,5.840000153,5.880000114,3543900,5.880000114
1/2/2020,6.139999866,6.46999979,6.070000172,6.309999943,4453600,6.309999943
12/31/2019,6.079999924,6.389999866,5.989999771,6.079999924,4322600,6.079999924
12/30/2019,5.880000114,6.25,5.760000229,6.130000114,4482100,6.130000114
12/27/2019,5.420000076,5.980000019,5.389999866,5.900000095,11041300,5.900000095
12/26/2019,5.46999979,5.510000229,5.25,5.400000095,4264400,5.400000095
12/24/2019,5.650000095,5.670000076,5.440000057,5.440000057,3395500,5.440000057
12/23/2019,6.050000191,6.070000172,5.539999962,5.610000134,6282700,5.610000134
12/20/2019,6.059999943,6.21999979,5.960000038,5.989999771,5484600,5.989999771
12/19/2019,6.210000038,6.239999771,6.03000021,6.059999943,4452000,6.059999943
12/18/2019,6.059999943,6.269999981,5.929999828,6.159999847,5264100,6.159999847
12/17/2019,5.5,6.079999924,5.489999771,6.059999943,4141400,6.059999943
12/16/2019,5.389999866,5.590000153,5.389999866,5.5,4406900,5.5
12/13/2019,5.46999979,5.619999886,5.239999771,5.449999809,5439000,5.449999809
12/12/2019,5.460000038,5.710000038,5.409999847,5.579999924,6387300,5.579999924
12/11/2019,5.25,5.809999943,5.179999828,5.53000021,19517800,5.53000021
12/10/2019,6.289999962,6.539999962,6.119999886,6.510000229,9594900,6.510000229
12/9/2019,6.650000095,6.920000076,6.190000057,6.329999924,6250600,6.329999924
12/6/2019,6.389999866,6.679999828,6.389999866,6.679999828,4757300,6.679999828
12/5/2019,6.320000172,6.519999981,6.239999771,6.400000095,4381400,6.400000095
12/4/2019,6.170000076,6.489999771,6.119999886,6.429999828,2872400,6.429999828
12/3/2019,6.039999962,6.179999828,5.929999828,6.119999886,2214900,6.119999886
12/2/2019,6.349999905,6.460000038,6.090000153,6.170000076,2060600,6.170000076
11/29/2019,6.329999924,6.389999866,6.239999771,6.340000153,1369000,6.340000153
11/27/2019,6.099999905,6.389999866,6.019999981,6.349999905,3030000,6.349999905
11/26/2019,6.03000021,6.260000229,6.010000229,6.099999905,2648700,6.099999905
11/25/2019,5.670000076,6.059999943,5.630000114,6.03000021,2744900,6.03000021
11/22/2019,5.590000153,5.849999905,5.5,5.659999847,3493100,5.659999847
11/21/2019,5.460000038,5.579999924,5.349999905,5.5,2784000,5.5
11/20/2019,5.539999962,5.539999962,5.360000134,5.460000038,2666700,5.460000038
11/19/2019,5.570000172,5.659999847,5.449999809,5.5,3360500,5.5
11/18/2019,5.849999905,5.849999905,5.610000134,5.619999886,2995900,5.619999886
11/15/2019,6,6.010000229,5.849999905,5.880000114,2165900,5.880000114
11/14/2019,5.949999809,6.110000134,5.900000095,5.980000019,1708700,5.980000019
11/13/2019,5.909999847,5.96999979,5.809999943,5.940000057,1533600,5.940000057
11/12/2019,6.03000021,6.070000172,5.869999886,5.920000076,1834500,5.920000076
11/11/2019,6.050000191,6.090000153,5.769999981,6.019999981,3109400,6.019999981
11/8/2019,6.170000076,6.28000021,6.050000191,6.090000153,1968700,6.090000153
11/7/2019,6.179999828,6.320000172,6.039999962,6.21999979,3129300,6.21999979
11/6/2019,5.900000095,6.190000057,5.820000172,6.090000153,4128300,6.090000153
11/5/2019,5.880000114,6.199999809,5.860000134,5.909999847,3374100,5.909999847
11/4/2019,5.900000095,6.019999981,5.769999981,5.849999905,3670000,5.849999905
11/1/2019,5.449999809,6,5.429999828,5.840000153,5210400,5.840000153
10/31/2019,5.630000114,5.690000057,5.309999943,5.440000057,4358600,5.440000057
10/30/2019,5.760000229,5.829999924,5.519999981,5.730000019,3739500,5.730000019
10/29/2019,6.210000038,6.25,5.789999962,5.809999943,3918800,5.809999943
10/28/2019,6.380000114,6.489999771,6.170000076,6.190000057,2854700,6.190000057
10/25/2019,6.320000172,6.429999828,6.25,6.349999905,2645400,6.349999905
10/24/2019,6.5,6.550000191,6.03000021,6.420000076,4268200,6.420000076
10/23/2019,6.329999924,6.619999886,6.230000019,6.429999828,4071400,6.429999828
10/22/2019,5.929999828,6.440000057,5.929999828,6.389999866,4174500,6.389999866
10/21/2019,5.980000019,6.159999847,5.820000172,5.929999828,3611600,5.929999828
10/18/2019,6.03000021,6.050000191,5.769999981,5.940000057,3197100,5.940000057
10/17/2019,5.889999866,6.050000191,5.800000191,6.03000021,3606600,6.03000021
10/16/2019,5.579999924,5.909999847,5.579999924,5.880000114,3868700,5.880000114
10/15/2019,5.599999905,5.909999847,5.590000153,5.610000134,6350900,5.610000134
10/14/2019,5.320000172,5.590000153,5.21999979,5.579999924,5273900,5.579999924
10/11/2019,5.139999866,5.489999771,5.139999866,5.369999886,5909200,5.369999886
10/10/2019,5.019999981,5.150000095,4.960000038,5.050000191,5228000,5.050000191
10/9/2019,5.25,5.300000191,4.960000038,4.989999771,5809600,4.989999771
10/8/2019,5.429999828,5.440000057,5.159999847,5.230000019,4823100,5.230000019
10/7/2019,5.480000019,5.579999924,5.409999847,5.489999771,4154800,5.489999771
10/4/2019,5.429999828,5.559999943,5.369999886,5.550000191,4213100,5.550000191
10/3/2019,5.300000191,5.480000019,5.230000019,5.420000076,4346700,5.420000076
10/2/2019,5.550000191,5.550000191,5.239999771,5.320000172,8154900,5.320000172
10/1/2019,5.639999866,5.820000172,5.489999771,5.579999924,6592400,5.579999924
9/30/2019,5.429999828,5.639999866,5.400000095,5.519999981,8919800,5.519999981
9/27/2019,5.25,5.449999809,5.21999979,5.340000153,5548500,5.340000153
9/26/2019,5.190000057,5.340000153,5.079999924,5.28000021,6080900,5.28000021
9/25/2019,5.090000153,5.550000191,5.079999924,5.199999809,12164300,5.199999809
9/24/2019,5.139999866,5.5,4.980000019,5.010000229,13097900,5.010000229
9/23/2019,4.679999828,5.199999809,4.610000134,5.019999981,12474000,5.019999981
9/20/2019,4.590000153,4.800000191,4.5,4.699999809,11603800,4.699999809
9/19/2019,4.639999866,4.670000076,4.420000076,4.440000057,7860300,4.440000057
9/18/2019,4.329999924,4.690000057,4.329999924,4.599999905,9796200,4.599999905
9/17/2019,4.300000191,4.340000153,4.130000114,4.329999924,6406000,4.329999924
9/16/2019,4.300000191,4.46999979,4.269999981,4.349999905,6761300,4.349999905
9/13/2019,4.619999886,4.769999981,4.369999886,4.409999847,7662200,4.409999847
9/12/2019,4.599999905,4.809999943,4.429999828,4.579999924,8908700,4.579999924
9/11/2019,4.190000057,4.949999809,3.970000029,4.590000153,34005000,4.590000153
9/10/2019,4.869999886,5.099999905,4.510000229,5.090000153,16659200,5.090000153
9/9/2019,4.349999905,4.920000076,4.349999905,4.760000229,14578800,4.760000229
9/6/2019,4.239999771,4.360000134,4.139999866,4.309999943,6701500,4.309999943
9/5/2019,4.079999924,4.239999771,4.070000172,4.230000019,6892000,4.230000019
9/4/2019,3.880000114,4,3.849999905,3.980000019,4227100,3.980000019
9/3/2019,3.970000029,4.070000172,3.660000086,3.809999943,9044400,3.809999943
8/30/2019,4.260000229,4.360000134,3.920000076,3.970000029,10634600,3.970000029
8/29/2019,3.930000067,4.289999962,3.75,4.230000019,13363500,4.230000019
8/28/2019,3.700000048,3.970000029,3.670000076,3.880000114,6439200,3.880000114
8/27/2019,3.869999886,3.930000067,3.680000067,3.700000048,5701000,3.700000048
8/26/2019,3.720000029,4.039999962,3.650000095,3.819999933,10319400,3.819999933
8/23/2019,3.839999914,3.900000095,3.559999943,3.650000095,8660900,3.650000095
8/22/2019,3.970000029,4.25,3.720000029,3.869999886,29177300,3.869999886
8/21/2019,3.5,3.619999886,3.440000057,3.539999962,5910900,3.539999962
8/20/2019,3.349999905,3.460000038,3.279999971,3.420000076,4260000,3.420000076
8/19/2019,3.369999886,3.470000029,3.339999914,3.380000114,2887500,3.380000114
8/16/2019,3.25,3.359999895,3.210000038,3.319999933,3130700,3.319999933
8/15/2019,3.319999933,3.410000086,3.150000095,3.210000038,5888400,3.210000038
8/14/2019,3.390000105,3.420000076,3.190000057,3.319999933,6081900,3.319999933
8/13/2019,3.480000019,3.75999999,3.470000029,3.470000029,4504500,3.470000029
8/12/2019,3.579999924,3.619999886,3.440000057,3.50999999,2677600,3.50999999
8/9/2019,3.829999924,3.859999895,3.589999914,3.589999914,3079400,3.589999914
8/8/2019,3.839999914,3.910000086,3.769999981,3.890000105,2306700,3.890000105
8/7/2019,3.74000001,3.849999905,3.660000086,3.809999943,5856100,3.809999943
8/6/2019,3.730000019,3.819999933,3.630000114,3.809999943,5157400,3.809999943
8/5/2019,3.720000029,3.75,3.579999924,3.710000038,5681800,3.710000038
8/2/2019,3.829999924,3.890000105,3.75,3.779999971,3594700,3.779999971
8/1/2019,4.019999981,4.059999943,3.779999971,3.839999914,5596500,3.839999914
7/31/2019,4.03000021,4.179999828,4,4.019999981,5208900,4.019999981
7/30/2019,4.099999905,4.130000114,3.900000095,4.03000021,5271400,4.03000021
7/29/2019,4.019999981,4.159999847,4.019999981,4.119999886,4327100,4.119999886
7/26/2019,4,4.079999924,3.960000038,4.010000229,3209000,4.010000229
7/25/2019,4.099999905,4.320000172,3.970000029,3.980000019,5790000,3.980000019
7/24/2019,4.079999924,4.199999809,4.050000191,4.079999924,6020600,4.079999924
7/23/2019,4.150000095,4.199999809,3.980000019,4.090000153,7703500,4.090000153
7/22/2019,4.329999924,4.400000095,4.119999886,4.139999866,5488700,4.139999866
7/19/2019,4.21999979,4.420000076,4.21999979,4.320000172,10946500,4.320000172
7/18/2019,4.389999866,4.420000076,4.119999886,4.199999809,8585700,4.199999809
7/17/2019,4.630000114,4.639999866,4.329999924,4.380000114,7643100,4.380000114
7/16/2019,4.760000229,4.809999943,4.630000114,4.630000114,5970000,4.630000114
7/15/2019,4.869999886,4.889999866,4.75,4.75,3068400,4.75
7/12/2019,4.860000134,4.929999828,4.809999943,4.909999847,4392200,4.909999847
7/11/2019,4.980000019,5.010000229,4.730000019,4.840000153,16778200,4.840000153
7/10/2019,5.349999905,5.369999886,5.170000076,5.179999828,10853300,5.179999828
7/9/2019,5.480000019,5.550000191,5.28000021,5.309999943,11721900,5.309999943
7/8/2019,5.5,5.53000021,5.420000076,5.449999809,6592700,5.449999809
7/5/2019,5.300000191,5.639999866,5.269999981,5.519999981,12894600,5.519999981
7/3/2019,5.409999847,5.429999828,5.269999981,5.309999943,2562100,5.309999943
7/2/2019,5.349999905,5.449999809,5.320000172,5.380000114,5643500,5.380000114
7/1/2019,5.53000021,5.570000172,5.340000153,5.360000134,4310800,5.360000134
6/28/2019,5.53000021,5.579999924,5.440000057,5.46999979,3896400,5.46999979
6/27/2019,5.460000038,5.590000153,5.429999828,5.539999962,3756000,5.539999962
6/26/2019,5.46999979,5.519999981,5.380000114,5.46999979,3551800,5.46999979
6/25/2019,5.340000153,5.53000021,5.320000172,5.449999809,3085400,5.449999809
6/24/2019,5.409999847,5.46999979,5.28000021,5.369999886,4823300,5.369999886
6/21/2019,5.519999981,5.519999981,5.309999943,5.420000076,8954300,5.420000076
6/20/2019,5.659999847,5.690000057,5.519999981,5.53000021,3933800,5.53000021
6/19/2019,5.75,5.75,5.610000134,5.630000114,2973300,5.630000114
6/18/2019,5.710000038,5.829999924,5.670000076,5.730000019,4070400,5.730000019
6/17/2019,5.630000114,5.809999943,5.599999905,5.699999809,3686500,5.699999809
6/14/2019,5.699999809,5.829999924,5.610000134,5.630000114,5304600,5.630000114
6/13/2019,5.550000191,5.730000019,5.489999771,5.699999809,5840800,5.699999809
6/12/2019,5.679999828,5.800000191,5.5,5.5,4914300,5.5
6/11/2019,5.53000021,5.849999905,5.489999771,5.71999979,13423800,5.71999979
6/10/2019,5.369999886,5.550000191,5.289999962,5.440000057,18926500,5.440000057
6/7/2019,5.130000114,5.230000019,4.989999771,5.019999981,10591300,5.019999981
6/6/2019,4.980000019,5.130000114,4.840000153,5.130000114,13558000,5.130000114
6/5/2019,5.489999771,5.590000153,4.710000038,5.039999962,39354200,5.039999962
6/4/2019,7.579999924,7.849999905,7.519999981,7.820000172,10430100,7.820000172
6/3/2019,7.579999924,7.650000095,7.420000076,7.46999979,5229100,7.46999979
5/31/2019,7.46999979,7.659999847,7.320000172,7.579999924,3983100,7.579999924
5/30/2019,7.570000172,7.699999809,7.53000021,7.599999905,2695200,7.599999905
5/29/2019,7.730000019,7.75,7.389999866,7.570000172,4127700,7.570000172
5/28/2019,7.849999905,7.989999771,7.739999771,7.739999771,2732800,7.739999771
5/24/2019,7.710000038,7.860000134,7.710000038,7.820000172,2542100,7.820000172
5/23/2019,7.840000153,7.860000134,7.670000076,7.699999809,3919500,7.699999809
5/22/2019,8.069999695,8.079999924,7.760000229,7.900000095,4516100,7.900000095
5/21/2019,8.069999695,8.140000343,7.889999866,8.130000114,5697100,8.130000114
5/20/2019,8.460000038,8.520000458,7.980000019,8.06000042,5043600,8.06000042
5/17/2019,8.539999962,8.779999733,8.539999962,8.609999657,1967300,8.609999657
5/16/2019,8.739999771,8.840000153,8.640000343,8.670000076,1751000,8.670000076
5/15/2019,8.43999958,8.710000038,8.43999958,8.68999958,2253500,8.68999958
5/14/2019,8.319999695,8.550000191,8.239999771,8.529999733,2612900,8.529999733
5/13/2019,8.329999924,8.369999886,8.170000076,8.260000229,3043200,8.260000229
5/10/2019,8.520000458,8.579999924,8.359999657,8.479999542,2301500,8.479999542
5/9/2019,8.600000381,8.649999619,8.479999542,8.520000458,2339500,8.520000458
5/8/2019,8.75,8.850000381,8.649999619,8.68999958,2062400,8.68999958
5/7/2019,8.770000458,8.920000076,8.68999958,8.770000458,2591600,8.770000458
5/6/2019,8.850000381,8.920000076,8.659999847,8.850000381,2406200,8.850000381
5/3/2019,8.81000042,8.989999771,8.770000458,8.970000267,2179600,8.970000267
5/2/2019,8.510000229,8.829999924,8.510000229,8.770000458,3116900,8.770000458
5/1/2019,8.659999847,8.789999962,8.470000267,8.510000229,3538900,8.510000229
4/30/2019,8.800000191,8.850000381,8.649999619,8.649999619,3207700,8.649999619
4/29/2019,8.890000343,8.899999619,8.710000038,8.760000229,2548100,8.760000229
4/26/2019,8.930000305,9.029999733,8.880000114,8.890000343,2306800,8.890000343
4/25/2019,8.989999771,9,8.720000267,8.949999809,2627000,8.949999809
4/24/2019,8.899999619,9.06000042,8.890000343,9.010000229,4106100,9.010000229
4/23/2019,8.640000343,8.970000267,8.640000343,8.890000343,4452300,8.890000343
4/22/2019,8.75,8.819999695,8.529999733,8.649999619,6278700,8.649999619
4/18/2019,8.859999657,9.029999733,8.739999771,8.770000458,3814200,8.770000458
4/17/2019,9.109999657,9.119999886,8.75,8.93999958,3921100,8.93999958
4/16/2019,9,9.149999619,8.949999809,9.079999924,4720000,9.079999924
4/15/2019,9.270000458,9.350000381,8.81000042,8.93999958,5527400,8.93999958
4/12/2019,9.789999962,9.829999924,9.289999962,9.319999695,4778500,9.319999695
4/11/2019,9.979999542,9.979999542,9.739999771,9.760000229,2545200,9.760000229
4/10/2019,9.880000114,10.01000023,9.880000114,9.970000267,2807200,9.970000267
4/9/2019,9.850000381,10,9.81000042,9.819999695,2978500,9.819999695
4/8/2019,9.789999962,10.07999992,9.729999542,9.93999958,4551000,9.93999958
4/5/2019,9.960000038,10.01000023,9.789999962,9.859999657,5743600,9.859999657
4/4/2019,9.739999771,10.06000042,9.649999619,10.02999973,7917800,10.02999973
4/3/2019,8.859999657,10.02999973,8.819999695,9.630000114,26597900,9.630000114
4/2/2019,10.36999989,10.40999985,10.09000015,10.10000038,8670200,10.10000038
4/1/2019,10.28999996,10.42000008,10.03999996,10.36999989,4415700,10.36999989
3/29/2019,10.21000004,10.35999966,10.14999962,10.15999985,2919000,10.15999985
3/28/2019,10.35999966,10.48999977,10.06999969,10.18999958,3122300,10.18999958
3/27/2019,10.36999989,10.53999996,10.25,10.28999996,2606200,10.28999996
3/26/2019,10.10999966,10.43999958,10.09000015,10.35000038,3535100,10.35000038
3/25/2019,10.46000004,10.48999977,10.06999969,10.14000034,4486200,10.14000034
3/22/2019,10.64999962,10.65999985,10.43999958,10.44999981,3289000,10.44999981
3/21/2019,10.47000027,10.72999954,10.35000038,10.55000019,3205300,10.55000019
3/20/2019,10.96000004,10.96000004,10.39999962,10.5,4103900,10.5
3/19/2019,11.06999969,11.23999977,10.89999962,10.96000004,3089900,10.96000004
3/18/2019,11.09000015,11.17000008,10.97999954,11.06999969,2451200,11.06999969
3/15/2019,10.98999977,11.11999989,10.89999962,11.06000042,3537400,11.06000042
3/14/2019,11.31000042,11.34000015,10.89999962,10.94999981,2839600,10.94999981
3/13/2019,11.53999996,11.64000034,11.47000027,11.57999992,2191600,11.19999981
3/12/2019,11.27999973,11.55000019,11.22999954,11.47000027,2164900,11.09360981
3/11/2019,10.97999954,11.27999973,10.89000034,11.26000023,2703600,10.89050102
3/8/2019,11.06999969,11.22000027,10.75,10.97000027,6171600,10.61001778
3/7/2019,11.56000042,11.65999985,11.43999958,11.59000015,1811400,11.20967197
3/6/2019,11.65999985,11.86999989,11.56000042,11.56000042,3312900,11.18065643
3/5/2019,12.07999992,12.10000038,11.35999966,11.60000038,5537900,11.21934414
3/4/2019,11.78999996,11.85000038,11.47000027,11.56999969,2228600,11.19032764
3/1/2019,11.88000011,12.01000023,11.75,11.75,1901200,11.36442089
2/28/2019,11.68999958,11.85999966,11.59000015,11.69999981,2820200,11.31606197
2/27/2019,11.65999985,11.93000031,11.61999989,11.67000008,3397300,11.28704643
2/26/2019,11.53999996,11.71000004,11.5,11.64000034,2158000,11.25803089
2/25/2019,11.38000011,11.80000019,11.38000011,11.55000019,3594500,11.17098427
2/22/2019,11.02000046,11.38000011,11.02000046,11.36999989,3249500,10.99689102
2/21/2019,11.22999954,11.28999996,11.01000023,11.02999973,2489200,10.6680479
2/20/2019,11.22999954,11.30000019,11.14999962,11.19999981,2960500,10.83246899
2/19/2019,11.46000004,11.47000027,11.13000011,11.19999981,3305600,10.83246899
2/15/2019,11.32999992,11.43999958,11.27999973,11.43000031,2211800,11.0549221
2/14/2019,11.36999989,11.42000008,11.23999977,11.32999992,2468500,10.95820332
2/13/2019,11.56000042,11.75,11.38000011,11.47000027,2132800,11.09360981
2/12/2019,11.30000019,11.59000015,11.30000019,11.55000019,2678000,11.17098427
2/11/2019,11.38000011,11.39000034,11.15999985,11.30000019,1918600,10.92918777
2/8/2019,11.39000034,11.48999977,11.31000042,11.35000038,1801200,10.97754765
2/7/2019,11.39999962,11.59000015,11.22999954,11.47000027,2021100,11.09360981
2/6/2019,11.61999989,11.69999981,11.39999962,11.51000023,3479600,11.13229752
2/5/2019,11.35999966,11.81000042,11.35000038,11.78999996,4271100,11.4031086
2/4/2019,11.23999977,11.47999954,11,11.36999989,4271500,10.99689102
2/1/2019,11.31000042,11.43000031,11.18000031,11.23999977,3477400,10.87115669
1/31/2019,11.17000008,11.52999973,11.10000038,11.34000015,6049600,10.96787548
1/30/2019,11.25,11.36999989,11.10999966,11.19999981,6151000,10.83246899
1/29/2019,12.39000034,12.5,11.10999966,11.27999973,32870300,10.9098444
1/28/2019,15.73999977,15.78999996,14.98999977,15.5,2984900,14.99136448
1/25/2019,15.96000004,16.05999947,15.72999954,15.89999962,1915100,15.37823772
1/24/2019,15.47999954,15.80000019,15.43999958,15.80000019,1282000,15.28151989
1/23/2019,15.31000042,15.56999969,15.13000011,15.47999954,1837000,14.97202015
1/22/2019,15.81000042,15.89999962,15.15999985,15.27000046,3188700,14.76891232
1/18/2019,16.02000046,16.89999962,15.88000011,15.93000031,8547200,15.40725422
1/17/2019,15.48999977,15.82999992,15.30000019,15.77000046,1743000,15.25250435
1/16/2019,15.56999969,15.89000034,15.38000011,15.68000031,1992600,15.16545773
1/15/2019,15.60000038,15.64000034,15.18999958,15.52999973,2228200,15.02037907
1/14/2019,15.84000015,16.13999939,15.56999969,15.64000034,3610900,15.12677002
1/11/2019,15.85999966,16.04999924,15.77000046,15.85000038,2419800,15.32987881
1/10/2019,15.73999977,16,15.52000046,15.96000004,2904800,15.43626881
1/9/2019,15.84000015,16.38999939,15.72000027,15.97999954,3554500,15.45561218
1/8/2019,15.5,15.89000034,15.14999962,15.81000042,3443800,15.29119205
1/7/2019,15.10999966,15.81000042,14.93999958,15.47999954,4718000,14.97202015
1/4/2019,14.02999973,15.28999996,13.69999981,15.23999977,11915700,14.73989582
1/3/2019,12.97999954,13.26000023,12.68999958,12.97000027,1750400,12.54438686
1/2/2019,12.44999981,13.18000031,12.42000008,13.06999969,2124200,12.6411047
12/31/2018,12.32999992,12.67000008,12.31000042,12.61999989,2790300,12.20587158
12/28/2018,12.21000004,12.48999977,12.01000023,12.27999973,2026300,11.87702847
12/27/2018,12.23999977,12.25,11.63000011,12.18000031,1834600,11.78031063
12/26/2018,11.72000027,12.39999962,11.56000042,12.39999962,2404200,11.99309063
12/24/2018,11.97000027,12.02000046,11.64000034,11.67000008,1328500,11.28704643
12/21/2018,12.39000034,12.68000031,11.77000046,11.96000004,4423000,11.56752968
12/20/2018,12.60000038,12.93999958,12.21000004,12.43000031,2671200,12.02210712
12/19/2018,12.76000023,12.97999954,12.52000046,12.57999992,2425900,12.16718483
12/18/2018,12.64999962,13.02999973,12.60999966,12.72999954,2594900,12.31226158
12/17/2018,12.65999985,13.10000038,12.55000019,12.64999962,2255700,12.23488712
12/14/2018,12.68999958,13,12.68999958,12.76000023,1663700,12.34127808
12/13/2018,13.23999977,13.35999966,12.67000008,12.78999996,2436600,12.37029362
12/12/2018,13.06000042,13.52999973,12.97999954,13.22999954,1817800,12.79585457
12/11/2018,13.35000038,13.39999962,12.85000038,12.94999981,2338200,12.52504253
12/10/2018,13.38000011,13.43999958,12.82999992,13.22999954,2793700,12.79585457
12/7/2018,13.55000019,14.03999996,13.5,13.68000031,3402600,12.86355782
12/6/2018,13.5,13.77000046,13.23999977,13.56000042,3197200,12.75071907
12/4/2018,13.98999977,14.10999966,13.43999958,13.5,3733900,12.69430065
12/3/2018,13.81999969,13.97999954,13.52999973,13.86999989,4021200,13.04221821
11/30/2018,12.98999977,13.96000004,12.80000019,13.65999985,11906800,12.8447504
11/29/2018,15.05000019,15.22000027,14.53999996,14.63000011,4209600,13.75685978
11/28/2018,14.72000027,15.06999969,14.72000027,15.01000023,2643700,14.11418152
11/27/2018,14.39000034,14.97000027,14.19999981,14.72000027,4384700,13.84148884
11/26/2018,13.98999977,14.77999973,13.98999977,14.57999992,5903400,13.70984459
11/23/2018,13.69999981,13.76000023,13.15999985,13.5,2691800,12.69430065
11/21/2018,12.47000027,14.5,12.31000042,13.71000004,12480800,12.89176655
11/20/2018,12.60000038,12.90999985,12.14000034,12.27999973,6034900,11.54711151
11/19/2018,12.84000015,13.15999985,12.77000046,13.02999973,3450900,12.25235081
11/16/2018,12.98999977,12.98999977,12.44999981,12.78999996,5716700,12.02667427
11/15/2018,12.96000004,13.25,12.77000046,13.13000011,3029900,12.34638214
11/14/2018,14.09000015,14.10999966,12.88000011,12.96000004,3436100,12.18652725
11/13/2018,13.89999962,14.18000031,13.77999973,13.88000011,2308200,13.05162144
11/12/2018,14.65999985,14.77999973,13.85999966,13.88000011,2400200,13.05162144
11/9/2018,14.72000027,14.80000019,14.31999969,14.64000034,1671500,13.76626396
11/8/2018,14.89999962,15.02000046,14.77999973,14.85999966,2139300,13.97313309
11/7/2018,15,15.05000019,14.64999962,14.89999962,2044300,14.010746
11/6/2018,14.94999981,15.05000019,14.82999992,14.94999981,1896000,14.05776119
11/5/2018,15.55000019,15.56000042,14.89000034,14.98999977,1803600,14.09537411
11/2/2018,15.42000008,15.76000023,15.18999958,15.60999966,1665600,14.67837238
11/1/2018,14.60999966,15.35000038,14.60000038,15.35000038,2754300,14.43389034
10/31/2018,14.81000042,14.81999969,14.26000023,14.60000038,1738900,13.72865105
10/30/2018,14.56999969,15.10999966,14.39999962,14.67000008,2094100,13.79447269
10/29/2018,13.84000015,14.96000004,13.77000046,14.52999973,3168900,13.66282845
10/26/2018,14.43000031,14.43000031,13.64000034,13.71000004,2511100,12.89176655
10/25/2018,15.11999989,15.19999981,14.27999973,14.43999958,2274100,13.57819843
10/24/2018,15.30000019,15.60000038,15.06999969,15.06999969,2241300,14.17059994
10/23/2018,14.98999977,15.31000042,14.78999996,15.27000046,2395100,14.35866451
10/22/2018,14.81999969,15.22000027,14.68999958,15.11999989,2305500,14.21761608
10/19/2018,14.86999989,15,14.47000027,14.72999954,3106000,13.85089111
10/18/2018,15.30000019,15.42000008,14.89999962,15.06000042,1478600,14.16119671
10/17/2018,15.28999996,15.47999954,14.77999973,15.31999969,1997900,14.40567875
10/16/2018,14.97000027,15.30000019,14.77999973,15.28999996,2040200,14.37747002
10/15/2018,14.81000042,15.06999969,14.77999973,14.88000011,1500100,13.99193954
10/12/2018,14.89999962,15.14999962,14.69999981,14.80000019,1927600,13.91671467
10/11/2018,14.78999996,15.10000038,14.64999962,14.65999985,2096000,13.78506947
10/10/2018,14.81000042,15.17000008,14.81000042,14.82999992,1962600,13.94492435
10/9/2018,14.93000031,15.44999981,14.69999981,14.76000023,2405700,13.87910175
10/8/2018,14.71000004,15.18999958,14.65999985,14.97999954,2260100,14.08597183
10/5/2018,14.82999992,14.93000031,14.57999992,14.68000031,2323700,13.80387688
10/4/2018,14.97000027,15.11999989,14.72000027,14.81999969,1521600,13.93552017
10/3/2018,15,15.17000008,14.75,14.92000008,2013600,14.02955246
10/2/2018,15.17000008,15.31000042,14.84000015,14.86999989,2878200,13.98253632
10/1/2018,15.27999973,15.53999996,14.97999954,15.27999973,4059800,14.36806679
9/28/2018,15.53999996,15.85000038,15.18999958,15.27000046,2525800,14.35866451
9/27/2018,15.68000031,15.75,15.43000031,15.55000019,2024200,14.62195301
9/26/2018,16.13999939,16.13999939,15.53999996,15.59000015,1901300,14.65956593
9/25/2018,15.64000034,16.09000015,15.30000019,16.02000046,2062500,15.06390285
9/24/2018,16.42000008,16.42000008,15.48999977,15.52000046,3577700,14.59374428
9/21/2018,16.45000076,16.75,16.43000031,16.52000046,3040900,15.53406239
9/20/2018,16.60000038,16.80999947,16.45000076,16.48999977,1604100,15.5058527
9/19/2018,16.5,16.79999924,16.45000076,16.60000038,1798200,15.60928822
9/18/2018,16.42000008,16.68000031,16.35000038,16.5,1786800,15.51525497
9/17/2018,16.70999908,16.86000061,16.5,16.61000061,2232000,15.61869049
9/14/2018,16.96999931,17,16.46999931,16.79000092,3005400,15.43062782
9/13/2018,16.70999908,17.04000092,16.61000061,17.04000092,3689500,15.66038609
9/12/2018,16.17000008,16.76000023,16.17000008,16.65999985,3395800,15.31115246
9/11/2018,16,16.60000038,16,16.15999985,2791000,14.85163403
9/10/2018,16.15999985,16.35000038,15.86999989,16,2727700,14.70458794
9/7/2018,15.25,16.37999916,14.76000023,16.12999916,6795600,14.82406139
9/6/2018,16.14999962,16.25,15.07999992,16.13999939,6777200,14.83325195
9/5/2018,13.97000027,16.53000069,13.96000004,16.26000023,17471600,14.94353771
9/4/2018,13.17000008,14.10000038,13.07999992,14.05000019,5936000,12.91246605
8/31/2018,13.60999966,13.63000011,13.18000031,13.27000046,3724000,12.19561768
8/30/2018,13.98999977,13.98999977,13.52000046,13.57999992,3933400,12.48051929
8/29/2018,14.14000034,14.30000019,13.75,14.11999989,4099600,12.97679806
8/28/2018,14.71000004,14.75,14,14.02999973,6822000,12.89408493
8/27/2018,16.46999931,16.5,14.55000019,14.71000004,14694900,13.51902962
8/24/2018,16.76000023,16.84000015,16.20000076,16.54999924,4525600,15.21005726
8/23/2018,16.97999954,17.20999908,16.62000084,16.76000023,3583500,15.40305614
8/22/2018,16.54000092,17.27000046,16.51000023,16.97999954,6605600,15.60524464
8/21/2018,16,16.56999969,15.82999992,16.48999977,5193200,15.15491581
8/20/2018,15.39999962,15.97999954,15.35000038,15.85000038,3606900,14.56673241
8/17/2018,15.17000008,15.35000038,14.98999977,15.32999992,1633300,14.08883286
8/16/2018,15.53999996,15.56000042,15.22000027,15.22000027,1719700,13.98773861
8/15/2018,15.46000004,15.5,15.18999958,15.42000008,2097600,14.17154694
8/14/2018,15.27000046,15.56999969,15.19999981,15.5,1953400,14.2450695
8/13/2018,15.35000038,15.38000011,15.10999966,15.21000004,2100900,13.97854805
8/10/2018,15.18000031,15.60000038,15.10000038,15.31999969,2416400,14.0796423
8/9/2018,15.25,15.46000004,14.97999954,15.21000004,2342700,13.97854805
8/8/2018,15.11999989,15.31999969,15.01000023,15.25,2178900,14.01530933
8/7/2018,14.92000008,15.22000027,14.81999969,15.11999989,1953400,13.89583588
8/6/2018,14.88000011,14.97999954,14.73999977,14.85999966,2075000,13.65688515
8/3/2018,14.68999958,14.89999962,14.60000038,14.85000038,2557200,13.64769554
8/2/2018,14.60999966,14.77999973,14.40999985,14.61999989,2529100,13.43631649
8/1/2018,14.42000008,14.88000011,14.39999962,14.72999954,2079700,13.53741074
7/31/2018,14.72000027,14.72999954,14.40999985,14.40999985,2757500,13.24331856
7/30/2018,14.88000011,14.97999954,14.59000015,14.69999981,1577800,13.50983906
7/27/2018,14.90999985,14.97000027,14.55000019,14.82999992,1414500,13.62931538
7/26/2018,14.51000023,15.03999996,14.5,14.81000042,1689200,13.61093426
7/25/2018,14.68999958,14.69999981,14.25,14.51000023,3345000,13.3352232
7/24/2018,14.97999954,14.97999954,14.65999985,14.77999973,1542600,13.58336258
7/23/2018,15.05000019,15.09000015,14.77999973,14.89000034,1833800,13.68445683
7/20/2018,14.90999985,15.21000004,14.88000011,15.07999992,2147900,13.85907364
7/19/2018,14.57999992,15.02999973,14.5,14.92000008,1728400,13.71202755
7/18/2018,14.60000038,14.64999962,14.31999969,14.57999992,2049700,13.39955616
7/17/2018,15.17000008,15.42000008,14.53999996,14.57999992,3045100,13.39955616
7/16/2018,15.27000046,15.38000011,15.06000042,15.22000027,1806500,13.98773861
7/13/2018,14.98999977,15.46000004,14.98999977,15.27999973,2332200,14.04288197
7/12/2018,14.75,15.11999989,14.73999977,15.09000015,1925900,13.86826515
7/11/2018,14.77000046,14.82999992,14.46000004,14.69999981,2287700,13.50983906
7/10/2018,15.52999973,15.53999996,14.81000042,14.85999966,2916700,13.65688515
7/9/2018,15.56999969,15.63000011,15.17000008,15.47000027,3919500,14.21749783
7/6/2018,14.67000008,15.22999954,14.64000034,15.14999962,4051100,13.92340565
7/5/2018,14.07999992,14.69999981,14.03999996,14.63000011,4721800,13.44550705
7/3/2018,14.17000008,14.31000042,14,14.05000019,1289300,12.91246605
7/2/2018,14.59000015,14.69999981,14.02999973,14.15999985,3723300,13.01355934
6/29/2018,14.98999977,15.06999969,14.51000023,14.56999969,3401100,13.3903656
6/28/2018,14.59000015,14.89000034,14.48999977,14.88000011,1905200,13.67526627
6/27/2018,15,15.17000008,14.57999992,14.60000038,2255700,13.41793633
6/26/2018,15.18999958,15.19999981,14.68999958,14.97000027,2697500,13.75797939
6/25/2018,15.40999985,15.72000027,14.93999958,15.10999966,2684700,13.88664436
6/22/2018,15.55000019,15.68999958,15.10999966,15.52000046,9577200,14.26344967
6/21/2018,15.81000042,15.97999954,15.48999977,15.52999973,3563100,14.27264023
6/20/2018,15.77999973,15.81000042,15.31999969,15.71000004,5164200,14.43806744
6/19/2018,15.35000038,15.76000023,15.10000038,15.75,10140600,14.47482872
6/18/2018,13.94999981,15.77999973,13.36999989,15.19999981,23788900,13.96935844
6/15/2018,12.76000023,14.35999966,12.76000023,13.96000004,13142700,12.82975292
6/14/2018,13.30000019,13.31999969,12.69999981,12.85000038,7532200,11.80962276
6/13/2018,13.97000027,13.97000027,13.05000019,13.32999992,8824100,12.25075912
6/12/2018,14.31999969,14.36999989,14.05000019,14.05000019,3384100,12.91246605
6/11/2018,14.14999962,14.32999992,14.06000042,14.28999996,4717800,13.13303471
6/8/2018,14.52999973,14.61999989,14.40999985,14.52999973,5031000,13.00436878
6/7/2018,14.5,14.64999962,14.36999989,14.48999977,3213500,12.96856976
6/6/2018,14.68000031,14.68999958,14.25,14.42000008,5148600,12.90592003
6/5/2018,14.23999977,14.64999962,14,14.60000038,5696500,13.06701946
6/4/2018,13.78999996,14.25,13.43999958,14.23999977,7296600,12.74481869
6/1/2018,12.80000019,13.72000027,12.78999996,13.72000027,25824000,12.27941895
5/31/2018,13.47999954,13.59000015,12.97000027,13.19999981,6489200,11.8140173
5/30/2018,13.10000038,13.60000038,12.89000034,13.42000008,4991300,12.01091862
5/29/2018,12.57999992,13.10999966,12.55000019,13.05000019,4240700,11.67976761
5/25/2018,12.76000023,12.80000019,12.57999992,12.67000008,2444000,11.33966732
5/24/2018,12.57999992,12.77999973,12.44999981,12.73999977,3077000,11.40231705
5/23/2018,12.53999996,12.75,12.43999958,12.72000027,3160100,11.38441753
5/22/2018,12.77999973,12.90999985,12.53999996,12.67000008,4542400,11.33966732
5/21/2018,12.52000046,12.89000034,12.48999977,12.77999973,5065700,11.43811703
5/18/2018,13.52999973,13.52999973,12.26000023,12.46000004,10236900,11.15171719
5/17/2018,13.5,13.77000046,13.47999954,13.61999989,2912000,12.18991852
5/16/2018,13.75,13.88000011,13.32999992,13.55000019,6738500,12.12726879
5/15/2018,13.25,13.60999966,13.22999954,13.51000023,3790200,12.09146881
5/14/2018,12.68999958,13.47999954,12.60999966,13.26000023,5907400,11.8677187
5/11/2018,12.60000038,12.84000015,12.47000027,12.71000004,5507400,11.37546635
5/10/2018,12.96000004,13.19999981,12.88000011,13.02999973,3118500,11.66186714
5/9/2018,12.81999969,12.96000004,12.60999966,12.93000031,3752900,11.57236767
5/8/2018,12.84000015,12.93999958,12.55000019,12.78999996,3839000,11.44706726
5/7/2018,13.02000046,13.02999973,12.77999973,12.89000034,3118500,11.53656769
5/4/2018,12.82999992,13.07999992,12.73999977,13,4903100,11.6350174
5/3/2018,13.42000008,13.48999977,12.80000019,12.82999992,5091400,11.48286724
5/2/2018,13.85999966,13.86999989,13.35000038,13.44999981,3181800,12.03776836
5/1/2018,13.57999992,13.89000034,13.47000027,13.85000038,2409700,12.39576912
4/30/2018,13.97000027,14,13.56000042,13.64999962,3151900,12.21676922
4/27/2018,13.68000031,13.90999985,13.60000038,13.85999966,2500600,12.4047184
4/26/2018,13.60000038,13.88000011,13.44999981,13.67000008,3212000,12.23466873
4/25/2018,13.35000038,13.63000011,13.28999996,13.46000004,3647100,12.04671764
4/24/2018,13.28999996,13.64000034,13.11999989,13.40999985,3613600,12.00196743
4/23/2018,12.89999962,13.35000038,12.89999962,13.19999981,3692900,11.8140173
4/20/2018,13.47000027,13.53999996,12.81000042,12.88000011,6200800,11.5276165
4/19/2018,13.65999985,13.77999973,13.44999981,13.52000046,2507400,12.10041809
4/18/2018,13.98999977,14.02999973,13.60000038,13.65999985,3573300,12.22571754
4/17/2018,13.89000034,14.18000031,13.84000015,13.93999958,4288900,12.47631931
4/16/2018,13.72999954,13.89999962,13.60000038,13.81000042,3227700,12.35996914
4/13/2018,13.72999954,13.93999958,13.55000019,13.60999966,3188700,12.18096733
4/12/2018,13.85999966,13.86999989,13.47000027,13.63000011,3114400,12.1988678
4/11/2018,13.61999989,13.97999954,13.60000038,13.84000015,4284000,12.38681889
4/10/2018,13.68000031,13.85999966,13.51000023,13.68000031,5788600,12.24361897
4/9/2018,13.51000023,13.76000023,13.43000031,13.47999954,5703600,12.06461811
4/6/2018,13.42000008,13.65999985,13.23999977,13.43000031,4238300,12.01986885
4/5/2018,13.35000038,13.63000011,13.27000046,13.56000042,5140600,12.13621902
4/4/2018,12.81999969,13.47999954,12.71000004,13.34000015,6383800,11.93931866
4/3/2018,12.64000034,13.13000011,12.60000038,13.01000023,5747200,11.64396763
4/2/2018,12.51000023,13.27999973,12.5,12.81999969,11130000,11.47391796
3/29/2018,12.64999962,13,12.19999981,12.61999989,25461800,11.29491615
3/28/2018,14,14.31000042,13.81000042,14.14999962,7634000,12.66426849
3/27/2018,14.06999969,14.21000004,13.77000046,13.88000011,4480900,12.42261887
3/26/2018,13.69999981,14.09000015,13.59000015,14.03999996,5015700,12.56581879
3/23/2018,13.92000008,13.93999958,13.48999977,13.5,3811400,12.08251858
3/22/2018,13.93999958,14.09000015,13.59000015,13.82999992,4442300,12.37786865
3/21/2018,14.31000042,14.44999981,14.01000023,14.02000046,4411200,12.54791927
3/20/2018,14.81999969,14.94999981,14.35000038,14.47000027,4284000,12.95066929
3/19/2018,15.23999977,15.40999985,14.76000023,14.81000042,3976100,13.2549715
3/16/2018,15.34000015,15.65999985,15.31999969,15.42000008,5084000,13.80092049
3/15/2018,15.5,15.61999989,15.26000023,15.31000042,1867000,13.70247078
3/14/2018,15.72000027,15.81999969,15.43000031,15.46000004,2518100,13.83672142
3/13/2018,15.63000011,16.01000023,15.57999992,15.60999966,2891500,13.97097111
3/12/2018,15.85000038,16.01000023,15.5,15.55000019,3878600,13.91727066
3/9/2018,15.68999958,15.89000034,15.51000023,15.85000038,3969900,14.18577194
3/8/2018,15.94999981,16.04999924,15.47999954,15.64000034,2974400,13.99782181
3/7/2018,15.85000038,16.17000008,15.84000015,15.93999958,2989400,14.26632023
3/6/2018,16.04999924,16.17000008,15.80000019,16.05999947,2667600,14.37372112
3/5/2018,15.86999989,16.11000061,15.68000031,16.04999924,4236100,14.36477184
3/2/2018,15.56000042,15.98999977,15.38000011,15.93000031,3553900,14.25737286
3/1/2018,15.78999996,16.22999954,15.76000023,15.97000027,3132500,13.95307159
2/28/2018,15.64999962,15.94999981,15.57999992,15.68999958,4737000,13.70843315
2/27/2018,16.10000038,16.59000015,15.56999969,15.56999969,4474000,13.60358906
2/26/2018,16,16.10000038,15.84000015,16.07999992,2771200,14.04917908
2/23/2018,15.78999996,15.98999977,15.67000008,15.97000027,2580300,13.95307159
2/22/2018,15.81000042,15.93000031,15.56999969,15.61999989,2452200,13.64727497
2/21/2018,15.89999962,16.20999908,15.65999985,15.68999958,3031200,13.70843315
2/20/2018,16.29999924,16.31999969,15.77999973,15.85999966,2489800,13.85696316
2/16/2018,16.52000046,16.96999931,16.25,16.39999962,2706100,14.32876492
2/15/2018,16.29999924,16.5,16.23999977,16.40999985,2263100,14.33750153
2/14/2018,15.57999992,16.39999962,15.52999973,16.21999931,3215900,14.17149734
2/13/2018,15.76000023,15.85999966,15.48999977,15.57999992,2463900,13.61232662
2/12/2018,16.29000092,16.32999992,15.61999989,15.80000019,2431800,13.80454159
2/9/2018,15.97999954,16.32999992,15.67000008,16.17000008,5640900,14.12781239
2/8/2018,16.45000076,16.54999924,15.76000023,15.82999992,4286700,13.83075237
2/7/2018,16.15999985,16.67000008,16.14999962,16.46999931,4413500,14.3899231
2/6/2018,15.35999966,16.37999916,15.10000038,16.13999939,4962200,14.10159969
2/5/2018,16.13999939,16.21999931,15.64000034,15.64999962,4131100,13.6734848
2/2/2018,16.55999947,16.65999985,16.21999931,16.22999954,3253500,14.18023491
2/1/2018,16.70000076,17.01000023,16.56999969,16.65999985,2937100,14.55592823
1/31/2018,17.13999939,17.27000046,16.70000076,16.80999947,2749200,14.68698311
1/30/2018,17.07999992,17.21999931,16.86000061,17.06999969,1886000,14.91414738
1/29/2018,17.04999924,17.20000076,16.79999924,17.14999962,3154700,14.98404312
1/26/2018,16.86000061,17.09000015,16.61000061,17.05999947,3348800,14.90540886
1/25/2018,16.97999954,17.04000092,16.61000061,16.84000015,2701800,14.7131958
1/24/2018,17.39999962,17.45000076,16.72999954,16.97999954,4073900,14.83551216
1/23/2018,17.52000046,17.56999969,17.17000008,17.39999962,3628500,15.20246792
1/22/2018,18.21999931,18.27000046,17.46999931,17.54999924,5234800,15.33352661
1/19/2018,17.88999939,18.18000031,17.75,18.12999916,3194000,15.84027386
1/18/2018,17.46999931,17.93000031,17.20999908,17.86000061,4265700,15.60437393
1/17/2018,17.23999977,17.70999908,17.17000008,17.5,4259700,15.2898407
1/16/2018,18,18.28000069,17.04000092,17.15999985,7852500,14.99277973
1/12/2018,18.5,18.54000092,17.62999916,17.76000023,15445800,15.51700592
1/11/2018,19.92000008,20.30999947,19.77000046,19.95999908,4213100,17.43915558
1/10/2018,19.38999939,19.92000008,19.32999992,19.68000031,4012800,17.19451904
1/9/2018,19.30999947,19.75,19.30999947,19.54999924,3662600,17.08093643
1/8/2018,18.79999924,19.39999962,18.79999924,19.22999954,3668400,16.80135155
1/5/2018,18.37999916,18.72999954,18.21999931,18.68000031,3019000,16.32081223
1/4/2018,18.20000076,18.37999916,17.95999908,18.31999969,2781300,16.00627899
1/3/2018,18.29000092,18.37000084,17.92000008,18.20000076,3789200,15.90143299
1/2/2018,17.95999908,18.29000092,17.78000069,18.26000023,2832700,15.95385551
12/29/2017,18.22999954,18.32999992,17.94000053,17.95000076,2063900,15.68300819
12/28/2017,18.27000046,18.28000069,18.02000046,18.17000008,1939400,15.87522316
12/27/2017,18.51000023,18.56999969,18.20000076,18.25,1837600,15.9451189
12/26/2017,18.29000092,19.18000031,18.27000046,18.51000023,3234200,16.17228508
12/22/2017,18.45000076,18.53000069,18.25,18.29000092,2085400,15.98006821
12/21/2017,18.29000092,18.46999931,18.01000023,18.45000076,2862100,16.1198597
12/20/2017,18.53000069,18.62999916,18.20999908,18.25,2304500,15.9451189
12/19/2017,18.70000076,18.79999924,18.37000084,18.38999939,2253700,16.06743813
12/18/2017,18.45000076,18.75,18.39999962,18.65999985,3206400,16.3033371
12/15/2017,18.44000053,18.57999992,18.17000008,18.34000015,3875200,16.02375412
12/14/2017,18.80999947,18.93000031,18.34000015,18.37999916,2818100,16.05869865
12/13/2017,19.10000038,19.15999985,18.61000061,18.67000008,3086600,16.31207466
12/12/2017,19.14999962,19.29999924,18.95999908,19.11000061,2532900,16.6965065
12/11/2017,19.28000069,19.36000061,18.67000008,19.06999969,3652500,16.66155624
12/8/2017,18.87999916,19.37999916,18.67000008,19.20000076,3142100,16.77513885
12/7/2017,18.98999977,19.14999962,18.61000061,18.62999916,3277300,16.27712631
12/6/2017,19.27000046,19.35000038,18.93000031,19.01000023,2430300,16.60913467
12/5/2017,19.53000069,19.64999962,18.95000076,19.27000046,3080900,16.8362999
12/4/2017,19.04000092,19.86000061,18.98999977,19.39999962,4361300,16.9498806
12/1/2017,18.72999954,19.15999985,18.47999954,18.77000046,3831900,16.39944649
11/30/2017,19.21999931,19.34000015,18.70000076,18.75,5024700,16.38197327
11/29/2017,19.09000015,19.69000053,19.05999947,19.52000046,6477300,16.72271729
11/28/2017,18.17000008,19.05999947,18.17000008,19.02000046,5883400,16.29436684
11/27/2017,17.59000015,18.19000053,17.59000015,18.17000008,5846800,15.56617641
11/24/2017,17.43000031,18.18000031,17.35000038,17.42000008,6474200,14.9236536
11/22/2017,17.85000038,18.70000076,17.29999924,17.37000084,20142400,14.88082027
11/21/2017,16.5,16.79000092,16.26000023,16.72999954,9352400,14.33253288
11/20/2017,16.39999962,16.45999908,16.03000069,16.44000053,3796700,14.08409023
11/17/2017,16.30999947,16.57999992,16.14999962,16.30999947,3194500,13.9727211
11/16/2017,16.01000023,16.79000092,16.01000023,16.18000031,4855100,13.86135006
11/15/2017,16.07999992,16.5,15.85000038,16,3821500,13.70714378
11/14/2017,16.10000038,16.37999916,15.85000038,16.19000053,3517800,13.86991787
11/13/2017,16.43000031,16.84000015,15.90999985,16.20000076,4374700,13.87848377
11/10/2017,17.42000008,17.42000008,16.21999931,16.43000031,5787400,14.07552528
11/9/2017,17.13999939,17.98999977,17.11000061,17.55999947,2862900,15.0435915
11/8/2017,17.17000008,17.29000092,16.97999954,17.20000076,2230400,14.73518276
11/7/2017,17.87999916,17.98999977,17.06999969,17.11000061,2844400,14.65807819
11/6/2017,18.06999969,18.20999908,17.70999908,17.82999992,3049000,15.27489853
11/3/2017,18.5,18.54999924,18.10000038,18.10000038,2020400,15.50620651
11/2/2017,18.60000038,18.60000038,18.21999931,18.51000023,2904600,15.85745239
11/1/2017,18.67000008,18.95000076,18.53000069,18.60000038,2488700,15.93455601
10/31/2017,18.88999939,19.04000092,18.59000015,18.69000053,2193900,16.01165771
10/30/2017,19.43000031,19.46999931,18.60000038,18.77000046,2252000,16.08019447
10/27/2017,19.39999962,19.45000076,18.92000008,19.34000015,2230200,16.56851006
10/26/2017,19.54999924,19.73999977,19.27000046,19.51000023,2142100,16.71415138
10/25/2017,19.95999908,20,19.34000015,19.61000061,2578400,16.79981995
10/24/2017,20.42000008,20.47999954,19.94000053,19.95999908,1701200,17.09966278
10/23/2017,20.13999939,20.54999924,20.13999939,20.28000069,1703600,17.373806
10/20/2017,20.12999916,20.31999969,20.04000092,20.12999916,1690200,17.24530029
10/19/2017,20.01000023,20.14999962,19.93000031,20.04999924,1271600,17.17676544
10/18/2017,19.71999931,20.09000015,19.62000084,20.04999924,1912200,17.17676544
10/17/2017,19.45999908,19.70000076,19.35000038,19.65999985,1251100,16.84265327
10/16/2017,19.69000053,19.70000076,19.20000076,19.40999985,1514700,16.628479
10/13/2017,19.63999939,19.77000046,19.51000023,19.70999908,1092900,16.8854866
10/12/2017,19.59000015,19.69000053,19.31999969,19.5,1775800,16.70558167
10/11/2017,20.21999931,20.21999931,19.45999908,19.59000015,2309000,16.78268433
10/10/2017,20.19000053,20.29000092,19.95000076,20.22999954,1763300,17.33097076
10/9/2017,20.06999969,20.25,19.98999977,20.14999962,1799900,17.26243591
10/6/2017,20.40999985,20.48999977,20.02000046,20.02000046,1651800,17.15106583
10/5/2017,20.29999924,20.53000069,20.21999931,20.52000046,1146000,17.57941246
10/4/2017,20.09000015,20.29000092,20.03000069,20.25,1183800,17.34810638
10/3/2017,20.5,20.51000023,20.09000015,20.20999908,1390300,17.31383514
10/2/2017,20.64999962,20.68000031,20.35000038,20.46999931,1559700,17.53657722
9/29/2017,20.79999924,20.85000038,20.52000046,20.65999985,1565700,17.69935036
9/28/2017,20.80999947,20.93000031,20.61000061,20.79000092,1720900,17.81072426
9/27/2017,20.78000069,20.96999931,20.5,20.85000038,2048400,17.86212349
9/26/2017,20.54999924,20.77000046,20.34000015,20.64999962,2130100,17.69078445
9/25/2017,20.03000069,20.46999931,20.01000023,20.44000053,1158800,17.51087761
9/22/2017,19.87000084,20.04000092,19.86000061,20.01000023,1000900,17.14249611
9/21/2017,20,20.19000053,19.87000084,19.88999939,1415500,17.03969383
9/20/2017,20.12999916,20.18000031,20.01000023,20.10000038,1215000,17.21960068
9/19/2017,20.17000008,20.26000023,19.92000008,20.19000053,1360300,17.29670334
9/18/2017,20.38999939,20.62999916,20.10000038,20.17000008,2095900,17.27956772
9/15/2017,20.06999969,20.44000053,20,20.29000092,2505400,17.38237381
9/14/2017,20.05999947,20.29999924,19.88999939,20.07999992,1921700,17.20246506
9/13/2017,19.60000038,20.04000092,19.54999924,20.02000046,1755900,17.15106583
9/12/2017,19.26000023,19.94000053,19.20999908,19.53000069,3347000,16.7312851
9/11/2017,19.20999908,19.45000076,19.12999916,19.20000076,2204600,16.44857407
9/8/2017,18.85000038,19.19000053,18.73999977,19.14999962,2219200,16.40573883
9/7/2017,19.02000046,19.34000015,18.80999947,18.85000038,2803000,16.14872932
9/6/2017,19,19.35000038,18.98999977,19.34000015,2920800,16.2429657
9/5/2017,18.69000053,18.95999908,18.55999947,18.94000053,2646000,15.90702057
9/1/2017,18.60000038,18.87999916,18.60000038,18.67000008,2344300,15.6802578
8/31/2017,18.82999992,18.87000084,18.46999931,18.5,2629600,15.53748226
8/30/2017,18.75,18.96999931,18.68000031,18.79000092,2210100,15.7810421
8/29/2017,18.93000031,19.06999969,18.63999939,18.75,4667700,15.74744987
8/28/2017,19.40999985,19.70000076,18.95999908,19.14999962,5228400,16.0833931
8/25/2017,19.89999962,19.94000053,18.71999931,19.39999962,20500700,16.29335976
8/24/2017,21.75,22.12000084,21.64999962,21.78000069,4234600,18.29223442
8/23/2017,21.59000015,21.81999969,21.20999908,21.47999954,2432900,18.04027748
8/22/2017,21.12000084,21.69000053,21.09000015,21.63999939,2473800,18.17465401
8/21/2017,21.15999985,21.36000061,20.96999931,20.97999954,1633100,17.62034225
8/18/2017,21.04999924,21.32999992,20.96999931,21.21999931,2123500,17.82191086
8/17/2017,21.37000084,21.65999985,21,21.10000038,1939600,17.72112656
8/16/2017,21.12000084,21.48999977,21.07999992,21.38999939,2439400,17.96468544
8/15/2017,21.70000076,21.77000046,20.78000069,20.93000031,3888400,17.57834816
8/14/2017,21.95000076,21.98999977,21.71999931,21.85000038,1533900,18.35102463
8/11/2017,21.23999977,21.82999992,21.06999969,21.76000023,1619300,18.27543831
8/10/2017,21.90999985,21.90999985,21.45999908,21.46999931,1521300,18.03187561
8/9/2017,21.75,22.12000084,21.62000084,22.07999992,1503500,18.54419327
8/8/2017,22.20000076,22.37000084,21.89999962,21.94000053,1422500,18.42661476
8/7/2017,21.94000053,22.26000023,21.82999992,22.17000008,1277600,18.61978149
8/4/2017,21.78000069,22.11000061,21.69000053,21.93000031,1136100,18.41821671
8/3/2017,21.31999969,21.81999969,21.31999969,21.65999985,1047900,18.19145012
8/2/2017,21.31999969,21.62000084,21.27000046,21.37999916,1116100,17.95628738
8/1/2017,21.69000053,21.69000053,21.13999939,21.36000061,3059100,17.93949127
7/31/2017,21.54999924,21.76000023,21.40999985,21.69000053,1369400,18.2166481
7/28/2017,21.63999939,21.72999954,21.39999962,21.5,1234700,18.05707359
7/27/2017,21.09000015,21.76000023,21.03000069,21.70000076,3838400,18.22504616
7/26/2017,21.28000069,21.32999992,20.95000076,21.04000092,1769900,17.67073441
7/25/2017,20.98999977,21.37000084,20.94000053,21.26000023,2105500,17.8555069
7/24/2017,20.70000076,21,20.64999962,20.79999924,1584300,17.4691658
7/21/2017,21.13999939,21.18000031,20.71999931,20.78000069,3575400,17.4523716
7/20/2017,21.29999924,21.34000015,21.10000038,21.10000038,1855700,17.72112656
7/19/2017,21.14999962,21.46999931,21.05999947,21.35000038,972900,17.93109322
7/18/2017,21.37999916,21.38999939,20.97999954,21.09000015,1103200,17.71272659
7/17/2017,21.03000069,21.57999992,20.97999954,21.28000069,1729300,17.87230301
7/14/2017,21.25,21.31999969,20.96999931,21.02000046,1229900,17.6539402
7/13/2017,21.23999977,21.43000031,21.04000092,21.15999985,1749400,17.77151871
7/12/2017,21.14999962,21.26000023,20.97999954,20.98999977,1087000,17.62874222
7/11/2017,20.95999908,21.06999969,20.80999947,20.95999908,1167700,17.60354614
7/10/2017,20.88999939,21.02000046,20.79000092,20.88999939,1646500,17.54475594
7/7/2017,21.14999962,21.28000069,20.86000061,20.90999985,1855900,17.56155396
7/6/2017,21.37000084,21.54000092,21.06999969,21.12000084,1508300,17.73792648
7/5/2017,21.55999947,21.70999908,21.37999916,21.51000023,2684200,18.06546974
7/3/2017,21.77000046,22,21.55999947,21.60000038,1409400,18.14105988
6/30/2017,21.75,21.79999924,21.38999939,21.61000061,1151100,18.14945602
6/29/2017,21.55999947,21.78000069,21.28000069,21.61000061,1733200,18.14945602
6/28/2017,21.5,21.76000023,21.43000031,21.51000023,3161400,18.06546974
6/27/2017,21.06999969,21.5,21.04000092,21.37999916,1747200,17.95628738
6/26/2017,20.67000008,21.17000008,20.65999985,21.12999916,2307200,17.74632072
6/23/2017,20.46999931,20.65999985,20.26000023,20.64999962,1747800,17.34318924
6/22/2017,20.48999977,20.79000092,20.44000053,20.54000092,4211400,17.2508049
6/21/2017,20.65999985,20.95000076,20.29000092,20.45999908,2194200,17.18361473
6/20/2017,20.71999931,20.78000069,20.46999931,20.63999939,1796200,17.33478737
6/19/2017,20.64999962,20.96999931,20.35000038,20.79999924,2133400,17.4691658
6/16/2017,21.12000084,21.17000008,20.5,20.59000015,3683000,17.292799
6/15/2017,21.52000046,21.64999962,21.13999939,21.21999931,2321100,17.82191086
6/14/2017,21.95999908,21.95999908,21.25,21.62999916,2481100,18.16625595
6/13/2017,21.78000069,22.17000008,21.56999969,21.97999954,1918400,18.46020699
6/12/2017,21.94000053,22.14999962,21.59000015,21.70999908,3281900,18.23344231
6/9/2017,21.32999992,22.09000015,21.29999924,22.01000023,2955700,18.48540306
6/8/2017,22.14999962,22.43000031,21.32999992,21.37000084,3618800,17.94789314
6/7/2017,21.95999908,22.20999908,21.82999992,22.04000092,2154800,18.51060104
6/6/2017,22.25,22.36000061,21.88999939,21.89999962,3105400,18.39301872
6/5/2017,22.25,22.56999969,21.95999908,22.47999954,1955700,18.88013649
6/2/2017,22.72999954,22.78000069,22.35000038,22.67000008,2350500,18.7205677
6/1/2017,22.14999962,22.95999908,22.11000061,22.78000069,3691000,18.81140137
5/31/2017,22.63999939,22.70000076,21.88999939,22.13999939,5406500,18.28289795
5/30/2017,22.18000031,22.93000031,22.17000008,22.56999969,5679900,18.63798523
5/26/2017,22.12000084,22.40999985,21.25,22.21999931,14212000,18.34896278
5/25/2017,23.60000038,23.67000008,22.72999954,23.62000084,7738500,19.5050621
5/24/2017,22.61000061,22.87000084,22.43000031,22.70999908,2448100,18.75359726
5/23/2017,24.37000084,24.37000084,22.62999916,22.65999985,5634800,18.71230698
5/22/2017,24.35000038,24.60000038,24.04000092,24.04999924,2455900,19.86014938
5/19/2017,23.79999924,24.30999947,23.57999992,24.21999931,2669600,20.00053024
5/18/2017,23.94000053,24.04999924,23.52000046,23.78000069,1748200,19.63718796
5/17/2017,24.46999931,24.46999931,23.75,23.84000015,2207700,19.68673515
5/16/2017,24.32999992,24.51000023,23.89999962,24.46999931,2034700,20.20697975
5/15/2017,24.13999939,24.68000031,24.10000038,24.36000061,2139400,20.11614609
5/12/2017,24.28000069,24.35000038,23.78000069,24.03000069,1820300,19.84363365
5/11/2017,25.11000061,25.30999947,24.23999977,24.35000038,3047700,20.10788536
5/10/2017,24.54000092,25.12999916,24.44000053,24.95000076,2409300,20.60335732
5/9/2017,24.32999992,24.73999977,24.09000015,24.48999977,1950000,20.22349358
5/8/2017,24,24.46999931,23.84000015,24.37999916,2215700,20.1326561
5/5/2017,23.70000076,24.01000023,23.57999992,24,1170600,19.81886101
5/4/2017,23.97999954,24.13999939,23.53000069,23.56999969,1464000,19.46377182
5/3/2017,23.45999908,24,23.37999916,23.96999931,3127300,19.79408264
5/2/2017,22.82999992,23.54999924,22.73999977,23.44000053,1788200,19.35642052
5/1/2017,22.77000046,23.23999977,22.55999947,22.78000069,2744800,18.81140137
4/28/2017,23.09000015,23.09000015,22.46999931,22.69000053,3104300,18.73708153
4/27/2017,23.67000008,23.70999908,23.04000092,23.10000038,2970300,19.07565308
4/26/2017,23.42000008,23.97999954,23.30999947,23.64999962,2211600,19.52983475
4/25/2017,23.31999969,23.48999977,23.10000038,23.39999962,1441700,19.32338715
4/24/2017,23.39999962,23.48999977,22.95999908,23.21999931,2716400,19.17474556
4/21/2017,23.23999977,23.27000046,22.94000053,23.19000053,1766200,19.14997292
4/20/2017,22.95000076,23.43000031,22.95000076,23.19000053,1906600,19.14997292
4/19/2017,22.92000008,23.12999916,22.76000023,22.78000069,1680500,18.81140137
4/18/2017,22.84000015,22.97999954,22.61000061,22.84000015,1986300,18.86094856
4/17/2017,22.45000076,22.95000076,22.39999962,22.88999939,3554500,18.90223694
4/13/2017,22.05999947,22.44000053,21.97999954,22.37999916,3663600,18.48108673
4/12/2017,22.18000031,22.18000031,21.87000084,22.06999969,1883100,18.22509003
4/11/2017,21.79999924,22.14999962,21.68000031,22.11000061,2718400,18.25812721
4/10/2017,21.60000038,22.12000084,21.55999947,21.87999916,2345300,18.06819344
4/7/2017,21.81999969,22.02000046,21.57999992,21.65999985,3754500,17.88652039
4/6/2017,21.95999908,22.17000008,21.73999977,21.84000015,3296200,18.03516388
4/5/2017,22.19000053,22.29000092,21.73999977,21.76000023,2168900,17.96910095
4/4/2017,21.94000053,22.20999908,21.73999977,21.97999954,2237000,18.15077209
4/3/2017,22.52000046,22.62000084,21.92000008,22,2709100,18.16728973
3/31/2017,22.45999908,22.73999977,22.37000084,22.54999924,2934200,18.62147141
3/30/2017,21.89999962,22.48999977,21.86000061,22.45999908,2222000,18.54715157
3/29/2017,21.78000069,22.13999939,21.56999969,21.95000076,3258300,18.12599945
3/28/2017,20.87999916,21.78000069,20.72999954,21.71999931,4278600,17.93606567
3/27/2017,20.32999992,21.09000015,20.23999977,20.85000038,6962300,17.2176342
3/24/2017,21.37000084,21.55999947,20.65999985,20.70000076,15944600,17.09376907
3/23/2017,24.14999962,24.44000053,23.79999924,23.95999908,4662200,19.78582573
3/22/2017,24.02000046,24.11000061,23.76000023,24.09000015,2042000,19.89318085
3/21/2017,24.03000069,24.13999939,23.40999985,24.01000023,2850500,19.82711792
3/20/2017,24.65999985,24.84000015,23.76000023,23.87999916,4116200,19.71976471
3/17/2017,24.29000092,24.67000008,24.20000076,24.63999939,5429100,20.34736252
3/16/2017,24.59000015,24.60000038,24.04000092,24.26000023,3133500,20.03356552
3/15/2017,24.65999985,24.78000069,24.29999924,24.67000008,2896500,20.37213516
3/14/2017,24.18000031,24.63999939,24,24.55999947,1849800,20.28129959
3/13/2017,24.77000046,24.79999924,24.11000061,24.19000053,3940100,19.97576141
3/10/2017,24.70000076,25.29999924,24.62999916,25.18000031,3049400,20.79328728
3/9/2017,25,25.23999977,24.81999969,25,2398700,20.33084488
3/8/2017,24.75,25.17000008,24.61000061,25,2380400,20.33084488
3/7/2017,24.79000092,24.87000084,24.42000008,24.67000008,2314600,20.06247902
3/6/2017,25.28000069,25.29999924,24.70999908,24.90999985,2275600,20.25765419
3/3/2017,25.05999947,25.31999969,25.01000023,25.28000069,1827900,20.55854988
3/2/2017,24.46999931,25.10000038,24.45000076,24.97999954,2475400,20.31458282
3/1/2017,24.56999969,24.93000031,24.28000069,24.47999954,3341500,19.90796471
2/28/2017,26.32999992,26.32999992,23.56999969,24.44000053,7757900,19.87543678
2/27/2017,26.20999908,26.68000031,25.68000031,26.52000046,2301300,21.5669632
2/24/2017,25.54999924,26.5,25.45000076,26.28000069,1991700,21.37178612
2/23/2017,26.31999969,26.34000015,25.52000046,25.55999947,2462200,20.7862587
2/22/2017,26.20000076,26.29999924,26.02000046,26.26000023,1377700,21.35552406
2/21/2017,25.84000015,26.25,25.75,26.21999931,2720300,21.32299232
2/17/2017,25.37000084,25.61000061,25.29000092,25.56999969,1241700,20.79439163
2/16/2017,25.70000076,25.87999916,25.29999924,25.42000008,1795800,20.67240334
2/15/2017,25.75,26.07999992,25.54000092,25.78000069,2146700,20.965168
2/14/2017,25.27000046,25.87000084,25.25,25.73999977,1542700,20.93264389
